<?xml version="1.0" encoding="UTF-8"?><rss version="2.0"
	xmlns:content="http://purl.org/rss/1.0/modules/content/"
	xmlns:dc="http://purl.org/dc/elements/1.1/"
	xmlns:atom="http://www.w3.org/2005/Atom"
	xmlns:sy="http://purl.org/rss/1.0/modules/syndication/"
	
	>
<channel>
	<title>
	Comments on: নির্দিষ্ট বিষয়ের দক্ষতা কিভাবে অর্জন করা যায়?	</title>
	<atom:link href="/1970/01/01/%E0%A6%A8%E0%A6%BF%E0%A6%B0%E0%A7%8D%E0%A6%A6%E0%A6%BF%E0%A6%B7%E0%A7%8D%E0%A6%9F-%E0%A6%AC%E0%A6%BF%E0%A6%B7%E0%A6%AF%E0%A6%BC%E0%A7%87%E0%A6%B0-%E0%A6%A6%E0%A6%95%E0%A7%8D%E0%A6%B7%E0%A6%A4%E0%A6%BE/feed/" rel="self" type="application/rss+xml" />
	<link>/1970/01/01/%e0%a6%a8%e0%a6%bf%e0%a6%b0%e0%a7%8d%e0%a6%a6%e0%a6%bf%e0%a6%b7%e0%a7%8d%e0%a6%9f-%e0%a6%ac%e0%a6%bf%e0%a6%b7%e0%a6%af%e0%a6%bc%e0%a7%87%e0%a6%b0-%e0%a6%a6%e0%a6%95%e0%a7%8d%e0%a6%b7%e0%a6%a4%e0%a6%be/</link>
	<description>My Blog</description>
	<lastBuildDate>Thu, 01 Jan 1970 00:00:00 +0000</lastBuildDate>
	<sy:updatePeriod>
	hourly	</sy:updatePeriod>
	<sy:updateFrequency>
	1	</sy:updateFrequency>
	<generator>https://wordpress.org/?v=6.1.1</generator>
</channel>
</rss>
